{
    "rmse": 0.804026758125011,
    "mae": 0.6558990276825898,
    "r2": 0.010783119222105508
}